PSO_SOL, ARGOS_SOL
1, 25
1, 22
1, 23
1, 20
1, 24
1, 21
1, 22
1, 23
1, 20
1, 25
1, 21
1, 22
1, 17
1, 23
1, 24
1, 21
1, 22
1, 24
1, 20
1, 18
1, 21
1, 20
1, 23
1, 23
1, 21
1, 21
1, 22
1, 19
1, 24
1, 21
2, 22
2, 21
2, 24
2, 18
2, 18
2, 24
2, 17
2, 19
2, 21
2, 23
2, 20
2, 21
2, 22
2, 23
2, 20
2, 21
2, 20
2, 22
2, 23
2, 17
2, 19
2, 17
2, 24
2, 19
2, 20
2, 22
2, 18
2, 24
2, 23
2, 21
3, 20
3, 19
3, 23
3, 20
3, 18
3, 19
3, 16
3, 19
3, 21
3, 23
3, 17
3, 23
3, 20
3, 24
3, 20
3, 21
3, 22
3, 23
3, 23
3, 21
3, 18
3, 25
3, 22
3, 24
3, 25
3, 21
3, 23
3, 23
3, 21
3, 18
4, 24
4, 23
4, 21
4, 22
4, 23
4, 23
4, 21
4, 24
4, 22
4, 24
4, 23
4, 24
4, 23
4, 21
4, 20
4, 24
4, 22
4, 24
4, 19
4, 19
4, 20
4, 23
4, 22
4, 24
4, 23
4, 24
4, 22
4, 20
4, 20
4, 22
5, 23
5, 21
5, 25
5, 25
5, 22
5, 22
5, 21
5, 25
5, 22
5, 20
5, 22
5, 22
5, 22
5, 22
5, 24
5, 23
5, 22
5, 15
5, 23
5, 22
5, 18
5, 23
5, 23
5, 24
5, 23
5, 24
5, 22
5, 22
5, 17
5, 20
6, 21
6, 22
6, 20
6, 21
6, 20
6, 24
6, 21
6, 23
6, 22
6, 21
6, 23
6, 22
6, 23
6, 19
6, 22
6, 21
6, 23
6, 18
6, 23
6, 18
6, 22
6, 22
6, 24
6, 21
6, 21
6, 23
6, 22
6, 21
6, 21
6, 19
7, 22
7, 24
7, 22
7, 18
7, 23
7, 22
7, 21
7, 23
7, 20
7, 21
7, 19
7, 23
7, 21
7, 21
7, 23
7, 23
7, 22
7, 23
7, 21
7, 23
7, 23
7, 20
7, 23
7, 19
7, 20
7, 21
7, 22
7, 21
7, 21
7, 23
8, 23
8, 25
8, 22
8, 23
8, 21
8, 24
8, 20
8, 23
8, 21
8, 24
8, 21
8, 24
8, 23
8, 22
8, 23
8, 23
8, 25
8, 21
8, 21
8, 25
8, 20
8, 23
8, 23
8, 21
8, 23
8, 21
8, 23
8, 24
8, 21
8, 22
9, 20
9, 20
9, 23
9, 23
9, 24
9, 22
9, 22
9, 23
9, 22
9, 20
9, 22
9, 21
9, 19
9, 22
9, 24
9, 21
9, 21
9, 23
9, 23
9, 18
9, 21
9, 23
9, 20
9, 23
9, 21
9, 21
9, 22
9, 22
9, 17
9, 18
10, 22
10, 21
10, 22
10, 21
10, 22
10, 23
10, 23
10, 23
10, 20
10, 23
10, 23
10, 19
10, 18
10, 22
10, 22
10, 24
10, 22
10, 23
10, 23
10, 24
10, 23
10, 23
10, 22
10, 21
10, 23
10, 22
10, 18
10, 23
10, 20
10, 24
